sample,fastq_1,fastq_2,strandedness,seq_platform
DU1704S0019701,/work/nfb9/Seq_Data_Raw/PrometheusReanalysis/whole_blood_Data_Batch1_fastq/DU1704S0019701.fastq.gz,,auto,Illumina
DU1704S0019702,/work/nfb9/Seq_Data_Raw/PrometheusReanalysis/whole_blood_Data_Batch1_fastq/DU1704S0019702.fastq.gz,,auto,Illumina
DU1704S0019703,/work/nfb9/Seq_Data_Raw/PrometheusReanalysis/whole_blood_Data_Batch1_fastq/DU1704S0019703.fastq.gz,,auto,Illumina
DU1704S0019704,/work/nfb9/Seq_Data_Raw/PrometheusReanalysis/whole_blood_Data_Batch1_fastq/DU1704S0019704.fastq.gz,,auto,Illumina
DU1704S0019705,/work/nfb9/Seq_Data_Raw/PrometheusReanalysis/whole_blood_Data_Batch1_fastq/DU1704S0019705.fastq.gz,,auto,Illumina
DU1704S0019706,/work/nfb9/Seq_Data_Raw/PrometheusReanalysis/whole_blood_Data_Batch1_fastq/DU1704S0019706.fastq.gz,,auto,Illumina
DU1704S0019707,/work/nfb9/Seq_Data_Raw/PrometheusReanalysis/whole_blood_Data_Batch1_fastq/DU1704S0019707.fastq.gz,,auto,Illumina
DU1704S0019708,/work/nfb9/Seq_Data_Raw/PrometheusReanalysis/whole_blood_Data_Batch1_fastq/DU1704S0019708.fastq.gz,,auto,Illumina
DU1704S0019709,/work/nfb9/Seq_Data_Raw/PrometheusReanalysis/whole_blood_Data_Batch1_fastq/DU1704S0019709.fastq.gz,,auto,Illumina
DU1704S0019710,/work/nfb9/Seq_Data_Raw/PrometheusReanalysis/whole_blood_Data_Batch1_fastq/DU1704S0019710.fastq.gz,,auto,Illumina
DU1704S0019711,/work/nfb9/Seq_Data_Raw/PrometheusReanalysis/whole_blood_Data_Batch1_fastq/DU1704S0019711.fastq.gz,,auto,Illumina
DU1704S0019712,/work/nfb9/Seq_Data_Raw/PrometheusReanalysis/whole_blood_Data_Batch1_fastq/DU1704S0019712.fastq.gz,,auto,Illumina
DU1704S0019713,/work/nfb9/Seq_Data_Raw/PrometheusReanalysis/whole_blood_Data_Batch1_fastq/DU1704S0019713.fastq.gz,,auto,Illumina
DU1704S0019714,/work/nfb9/Seq_Data_Raw/PrometheusReanalysis/whole_blood_Data_Batch1_fastq/DU1704S0019714.fastq.gz,,auto,Illumina
DU1704S0019715,/work/nfb9/Seq_Data_Raw/PrometheusReanalysis/whole_blood_Data_Batch1_fastq/DU1704S0019715.fastq.gz,,auto,Illumina
DU1704S0019716,/work/nfb9/Seq_Data_Raw/PrometheusReanalysis/whole_blood_Data_Batch1_fastq/DU1704S0019716.fastq.gz,,auto,Illumina
DU1704S0019717,/work/nfb9/Seq_Data_Raw/PrometheusReanalysis/whole_blood_Data_Batch1_fastq/DU1704S0019717.fastq.gz,,auto,Illumina
DU1704S0019718,/work/nfb9/Seq_Data_Raw/PrometheusReanalysis/whole_blood_Data_Batch1_fastq/DU1704S0019718.fastq.gz,,auto,Illumina
DU1704S0019719,/work/nfb9/Seq_Data_Raw/PrometheusReanalysis/whole_blood_Data_Batch1_fastq/DU1704S0019719.fastq.gz,,auto,Illumina
DU1704S0019720,/work/nfb9/Seq_Data_Raw/PrometheusReanalysis/whole_blood_Data_Batch1_fastq/DU1704S0019720.fastq.gz,,auto,Illumina
DU1704S0019721,/work/nfb9/Seq_Data_Raw/PrometheusReanalysis/whole_blood_Data_Batch1_fastq/DU1704S0019721.fastq.gz,,auto,Illumina
DU1704S0019722,/work/nfb9/Seq_Data_Raw/PrometheusReanalysis/whole_blood_Data_Batch1_fastq/DU1704S0019722.fastq.gz,,auto,Illumina
DU1704S0019723,/work/nfb9/Seq_Data_Raw/PrometheusReanalysis/whole_blood_Data_Batch1_fastq/DU1704S0019723.fastq.gz,,auto,Illumina
DU1704S0019724,/work/nfb9/Seq_Data_Raw/PrometheusReanalysis/whole_blood_Data_Batch1_fastq/DU1704S0019724.fastq.gz,,auto,Illumina
DU1704S0019725,/work/nfb9/Seq_Data_Raw/PrometheusReanalysis/whole_blood_Data_Batch1_fastq/DU1704S0019725.fastq.gz,,auto,Illumina
DU1704S0019726,/work/nfb9/Seq_Data_Raw/PrometheusReanalysis/whole_blood_Data_Batch1_fastq/DU1704S0019726.fastq.gz,,auto,Illumina
DU1704S0019727,/work/nfb9/Seq_Data_Raw/PrometheusReanalysis/whole_blood_Data_Batch1_fastq/DU1704S0019727.fastq.gz,,auto,Illumina
DU1704S0019728,/work/nfb9/Seq_Data_Raw/PrometheusReanalysis/whole_blood_Data_Batch1_fastq/DU1704S0019728.fastq.gz,,auto,Illumina
DU1704S0019729,/work/nfb9/Seq_Data_Raw/PrometheusReanalysis/whole_blood_Data_Batch1_fastq/DU1704S0019729.fastq.gz,,auto,Illumina
DU1704S0019730,/work/nfb9/Seq_Data_Raw/PrometheusReanalysis/whole_blood_Data_Batch1_fastq/DU1704S0019730.fastq.gz,,auto,Illumina
DU1704S0019731,/work/nfb9/Seq_Data_Raw/PrometheusReanalysis/whole_blood_Data_Batch1_fastq/DU1704S0019731.fastq.gz,,auto,Illumina
DU1704S0019732,/work/nfb9/Seq_Data_Raw/PrometheusReanalysis/whole_blood_Data_Batch1_fastq/DU1704S0019732.fastq.gz,,auto,Illumina
DU1704S0019733,/work/nfb9/Seq_Data_Raw/PrometheusReanalysis/whole_blood_Data_Batch1_fastq/DU1704S0019733.fastq.gz,,auto,Illumina
DU1704S0019734,/work/nfb9/Seq_Data_Raw/PrometheusReanalysis/whole_blood_Data_Batch1_fastq/DU1704S0019734.fastq.gz,,auto,Illumina
DU1704S0019735,/work/nfb9/Seq_Data_Raw/PrometheusReanalysis/whole_blood_Data_Batch1_fastq/DU1704S0019735.fastq.gz,,auto,Illumina
DU1704S0019736,/work/nfb9/Seq_Data_Raw/PrometheusReanalysis/whole_blood_Data_Batch1_fastq/DU1704S0019736.fastq.gz,,auto,Illumina
DU1704S0019737,/work/nfb9/Seq_Data_Raw/PrometheusReanalysis/whole_blood_Data_Batch1_fastq/DU1704S0019737.fastq.gz,,auto,Illumina
DU1704S0019738,/work/nfb9/Seq_Data_Raw/PrometheusReanalysis/whole_blood_Data_Batch1_fastq/DU1704S0019738.fastq.gz,,auto,Illumina
DU1704S0019739,/work/nfb9/Seq_Data_Raw/PrometheusReanalysis/whole_blood_Data_Batch1_fastq/DU1704S0019739.fastq.gz,,auto,Illumina
DU1704S0019740,/work/nfb9/Seq_Data_Raw/PrometheusReanalysis/whole_blood_Data_Batch1_fastq/DU1704S0019740.fastq.gz,,auto,Illumina
DU1704S0019741,/work/nfb9/Seq_Data_Raw/PrometheusReanalysis/whole_blood_Data_Batch1_fastq/DU1704S0019741.fastq.gz,,auto,Illumina
DU1704S0019742,/work/nfb9/Seq_Data_Raw/PrometheusReanalysis/whole_blood_Data_Batch1_fastq/DU1704S0019742.fastq.gz,,auto,Illumina
DU1704S0019743,/work/nfb9/Seq_Data_Raw/PrometheusReanalysis/whole_blood_Data_Batch1_fastq/DU1704S0019743.fastq.gz,,auto,Illumina
DU1704S0019744,/work/nfb9/Seq_Data_Raw/PrometheusReanalysis/whole_blood_Data_Batch1_fastq/DU1704S0019744.fastq.gz,,auto,Illumina
DU1704S0019745,/work/nfb9/Seq_Data_Raw/PrometheusReanalysis/whole_blood_Data_Batch1_fastq/DU1704S0019745.fastq.gz,,auto,Illumina
DU1704S0019746,/work/nfb9/Seq_Data_Raw/PrometheusReanalysis/whole_blood_Data_Batch1_fastq/DU1704S0019746.fastq.gz,,auto,Illumina
DU1704S0019747,/work/nfb9/Seq_Data_Raw/PrometheusReanalysis/whole_blood_Data_Batch1_fastq/DU1704S0019747.fastq.gz,,auto,Illumina
DU1704S0019748,/work/nfb9/Seq_Data_Raw/PrometheusReanalysis/whole_blood_Data_Batch1_fastq/DU1704S0019748.fastq.gz,,auto,Illumina
DU1704S0019749,/work/nfb9/Seq_Data_Raw/PrometheusReanalysis/whole_blood_Data_Batch1_fastq/DU1704S0019749.fastq.gz,,auto,Illumina
DU1704S0019751,/work/nfb9/Seq_Data_Raw/PrometheusReanalysis/whole_blood_Data_Batch1_fastq/DU1704S0019751.fastq.gz,,auto,Illumina
DU1704S0019752,/work/nfb9/Seq_Data_Raw/PrometheusReanalysis/whole_blood_Data_Batch1_fastq/DU1704S0019752.fastq.gz,,auto,Illumina
DU1704S0019753,/work/nfb9/Seq_Data_Raw/PrometheusReanalysis/whole_blood_Data_Batch1_fastq/DU1704S0019753.fastq.gz,,auto,Illumina
DU1704S0019754,/work/nfb9/Seq_Data_Raw/PrometheusReanalysis/whole_blood_Data_Batch1_fastq/DU1704S0019754.fastq.gz,,auto,Illumina
DU1704S0019755,/work/nfb9/Seq_Data_Raw/PrometheusReanalysis/whole_blood_Data_Batch1_fastq/DU1704S0019755.fastq.gz,,auto,Illumina
DU1704S0019756,/work/nfb9/Seq_Data_Raw/PrometheusReanalysis/whole_blood_Data_Batch1_fastq/DU1704S0019756.fastq.gz,,auto,Illumina
DU1704S0019757,/work/nfb9/Seq_Data_Raw/PrometheusReanalysis/whole_blood_Data_Batch1_fastq/DU1704S0019757.fastq.gz,,auto,Illumina
DU1704S0019758,/work/nfb9/Seq_Data_Raw/PrometheusReanalysis/whole_blood_Data_Batch1_fastq/DU1704S0019758.fastq.gz,,auto,Illumina
DU1704S0019759,/work/nfb9/Seq_Data_Raw/PrometheusReanalysis/whole_blood_Data_Batch1_fastq/DU1704S0019759.fastq.gz,,auto,Illumina
DU1704S0019760,/work/nfb9/Seq_Data_Raw/PrometheusReanalysis/whole_blood_Data_Batch1_fastq/DU1704S0019760.fastq.gz,,auto,Illumina
DU1704S0019761,/work/nfb9/Seq_Data_Raw/PrometheusReanalysis/whole_blood_Data_Batch1_fastq/DU1704S0019761.fastq.gz,,auto,Illumina
DU1704S0019762,/work/nfb9/Seq_Data_Raw/PrometheusReanalysis/whole_blood_Data_Batch1_fastq/DU1704S0019762.fastq.gz,,auto,Illumina
DU1704S0019763,/work/nfb9/Seq_Data_Raw/PrometheusReanalysis/whole_blood_Data_Batch1_fastq/DU1704S0019763.fastq.gz,,auto,Illumina
DU1704S0019764,/work/nfb9/Seq_Data_Raw/PrometheusReanalysis/whole_blood_Data_Batch1_fastq/DU1704S0019764.fastq.gz,,auto,Illumina
DU1704S0019765,/work/nfb9/Seq_Data_Raw/PrometheusReanalysis/whole_blood_Data_Batch1_fastq/DU1704S0019765.fastq.gz,,auto,Illumina
DU1704S0019766,/work/nfb9/Seq_Data_Raw/PrometheusReanalysis/whole_blood_Data_Batch1_fastq/DU1704S0019766.fastq.gz,,auto,Illumina
DU1704S0019767,/work/nfb9/Seq_Data_Raw/PrometheusReanalysis/whole_blood_Data_Batch1_fastq/DU1704S0019767.fastq.gz,,auto,Illumina
DU1704S0019768,/work/nfb9/Seq_Data_Raw/PrometheusReanalysis/whole_blood_Data_Batch1_fastq/DU1704S0019768.fastq.gz,,auto,Illumina
DU1704S0019769,/work/nfb9/Seq_Data_Raw/PrometheusReanalysis/whole_blood_Data_Batch1_fastq/DU1704S0019769.fastq.gz,,auto,Illumina
DU1704S0019770,/work/nfb9/Seq_Data_Raw/PrometheusReanalysis/whole_blood_Data_Batch1_fastq/DU1704S0019770.fastq.gz,,auto,Illumina
DU1704S0019771,/work/nfb9/Seq_Data_Raw/PrometheusReanalysis/whole_blood_Data_Batch1_fastq/DU1704S0019771.fastq.gz,,auto,Illumina
DU1704S0019772,/work/nfb9/Seq_Data_Raw/PrometheusReanalysis/whole_blood_Data_Batch1_fastq/DU1704S0019772.fastq.gz,,auto,Illumina
DU1704S0019773,/work/nfb9/Seq_Data_Raw/PrometheusReanalysis/whole_blood_Data_Batch1_fastq/DU1704S0019773.fastq.gz,,auto,Illumina
DU1704S0019774,/work/nfb9/Seq_Data_Raw/PrometheusReanalysis/whole_blood_Data_Batch1_fastq/DU1704S0019774.fastq.gz,,auto,Illumina
DU1704S0019775,/work/nfb9/Seq_Data_Raw/PrometheusReanalysis/whole_blood_Data_Batch1_fastq/DU1704S0019775.fastq.gz,,auto,Illumina
DU1704S0019776,/work/nfb9/Seq_Data_Raw/PrometheusReanalysis/whole_blood_Data_Batch1_fastq/DU1704S0019776.fastq.gz,,auto,Illumina
DU1704S0019777,/work/nfb9/Seq_Data_Raw/PrometheusReanalysis/whole_blood_Data_Batch1_fastq/DU1704S0019777.fastq.gz,,auto,Illumina
DU1704S0019778,/work/nfb9/Seq_Data_Raw/PrometheusReanalysis/whole_blood_Data_Batch1_fastq/DU1704S0019778.fastq.gz,,auto,Illumina
DU1704S0019779,/work/nfb9/Seq_Data_Raw/PrometheusReanalysis/whole_blood_Data_Batch1_fastq/DU1704S0019779.fastq.gz,,auto,Illumina
DU1704S0019780,/work/nfb9/Seq_Data_Raw/PrometheusReanalysis/whole_blood_Data_Batch1_fastq/DU1704S0019780.fastq.gz,,auto,Illumina
DU1704S0019781,/work/nfb9/Seq_Data_Raw/PrometheusReanalysis/whole_blood_Data_Batch1_fastq/DU1704S0019781.fastq.gz,,auto,Illumina
DU1704S0019782,/work/nfb9/Seq_Data_Raw/PrometheusReanalysis/whole_blood_Data_Batch1_fastq/DU1704S0019782.fastq.gz,,auto,Illumina
DU1704S0019783,/work/nfb9/Seq_Data_Raw/PrometheusReanalysis/whole_blood_Data_Batch1_fastq/DU1704S0019783.fastq.gz,,auto,Illumina
DU1704S0019784,/work/nfb9/Seq_Data_Raw/PrometheusReanalysis/whole_blood_Data_Batch1_fastq/DU1704S0019784.fastq.gz,,auto,Illumina
DU1704S0019785,/work/nfb9/Seq_Data_Raw/PrometheusReanalysis/whole_blood_Data_Batch1_fastq/DU1704S0019785.fastq.gz,,auto,Illumina
DU1704S0019786,/work/nfb9/Seq_Data_Raw/PrometheusReanalysis/whole_blood_Data_Batch1_fastq/DU1704S0019786.fastq.gz,,auto,Illumina
DU1704S0019787,/work/nfb9/Seq_Data_Raw/PrometheusReanalysis/whole_blood_Data_Batch1_fastq/DU1704S0019787.fastq.gz,,auto,Illumina
DU1704S0019788,/work/nfb9/Seq_Data_Raw/PrometheusReanalysis/whole_blood_Data_Batch1_fastq/DU1704S0019788.fastq.gz,,auto,Illumina
DU1704S0019789,/work/nfb9/Seq_Data_Raw/PrometheusReanalysis/whole_blood_Data_Batch1_fastq/DU1704S0019789.fastq.gz,,auto,Illumina
DU1704S0019790,/work/nfb9/Seq_Data_Raw/PrometheusReanalysis/whole_blood_Data_Batch1_fastq/DU1704S0019790.fastq.gz,,auto,Illumina
DU1704S0019791,/work/nfb9/Seq_Data_Raw/PrometheusReanalysis/whole_blood_Data_Batch1_fastq/DU1704S0019791.fastq.gz,,auto,Illumina
DU1704S0019792,/work/nfb9/Seq_Data_Raw/PrometheusReanalysis/whole_blood_Data_Batch1_fastq/DU1704S0019792.fastq.gz,,auto,Illumina
DU1704S0019793,/work/nfb9/Seq_Data_Raw/PrometheusReanalysis/whole_blood_Data_Batch1_fastq/DU1704S0019793.fastq.gz,,auto,Illumina
DU1704S0019794,/work/nfb9/Seq_Data_Raw/PrometheusReanalysis/whole_blood_Data_Batch1_fastq/DU1704S0019794.fastq.gz,,auto,Illumina
DU1704S0019795,/work/nfb9/Seq_Data_Raw/PrometheusReanalysis/whole_blood_Data_Batch1_fastq/DU1704S0019795.fastq.gz,,auto,Illumina
DU1704S0019796,/work/nfb9/Seq_Data_Raw/PrometheusReanalysis/whole_blood_Data_Batch1_fastq/DU1704S0019796.fastq.gz,,auto,Illumina
DU1704S0019797,/work/nfb9/Seq_Data_Raw/PrometheusReanalysis/whole_blood_Data_Batch1_fastq/DU1704S0019797.fastq.gz,,auto,Illumina
DU1704S0019798,/work/nfb9/Seq_Data_Raw/PrometheusReanalysis/whole_blood_Data_Batch1_fastq/DU1704S0019798.fastq.gz,,auto,Illumina
DU1704S0019799,/work/nfb9/Seq_Data_Raw/PrometheusReanalysis/whole_blood_Data_Batch1_fastq/DU1704S0019799.fastq.gz,,auto,Illumina
DU1704S0019800,/work/nfb9/Seq_Data_Raw/PrometheusReanalysis/whole_blood_Data_Batch1_fastq/DU1704S0019800.fastq.gz,,auto,Illumina
DU1704S0019801,/work/nfb9/Seq_Data_Raw/PrometheusReanalysis/whole_blood_Data_Batch1_fastq/DU1704S0019801.fastq.gz,,auto,Illumina
DU1704S0019802,/work/nfb9/Seq_Data_Raw/PrometheusReanalysis/whole_blood_Data_Batch1_fastq/DU1704S0019802.fastq.gz,,auto,Illumina
DU1704S0019803,/work/nfb9/Seq_Data_Raw/PrometheusReanalysis/whole_blood_Data_Batch1_fastq/DU1704S0019803.fastq.gz,,auto,Illumina
DU1704S0019804,/work/nfb9/Seq_Data_Raw/PrometheusReanalysis/whole_blood_Data_Batch1_fastq/DU1704S0019804.fastq.gz,,auto,Illumina
DU1704S0019805,/work/nfb9/Seq_Data_Raw/PrometheusReanalysis/whole_blood_Data_Batch1_fastq/DU1704S0019805.fastq.gz,,auto,Illumina
DU1704S0019806,/work/nfb9/Seq_Data_Raw/PrometheusReanalysis/whole_blood_Data_Batch1_fastq/DU1704S0019806.fastq.gz,,auto,Illumina
DU1704S0019807,/work/nfb9/Seq_Data_Raw/PrometheusReanalysis/whole_blood_Data_Batch1_fastq/DU1704S0019807.fastq.gz,,auto,Illumina
DU1704S0019808,/work/nfb9/Seq_Data_Raw/PrometheusReanalysis/whole_blood_Data_Batch1_fastq/DU1704S0019808.fastq.gz,,auto,Illumina
DU1704S0019809,/work/nfb9/Seq_Data_Raw/PrometheusReanalysis/whole_blood_Data_Batch1_fastq/DU1704S0019809.fastq.gz,,auto,Illumina
DU1704S0019810,/work/nfb9/Seq_Data_Raw/PrometheusReanalysis/whole_blood_Data_Batch1_fastq/DU1704S0019810.fastq.gz,,auto,Illumina
DU1704S0019811,/work/nfb9/Seq_Data_Raw/PrometheusReanalysis/whole_blood_Data_Batch1_fastq/DU1704S0019811.fastq.gz,,auto,Illumina
DU1704S0019812,/work/nfb9/Seq_Data_Raw/PrometheusReanalysis/whole_blood_Data_Batch1_fastq/DU1704S0019812.fastq.gz,,auto,Illumina
DU1704S0019813,/work/nfb9/Seq_Data_Raw/PrometheusReanalysis/whole_blood_Data_Batch1_fastq/DU1704S0019813.fastq.gz,,auto,Illumina
DU1704S0019814,/work/nfb9/Seq_Data_Raw/PrometheusReanalysis/whole_blood_Data_Batch1_fastq/DU1704S0019814.fastq.gz,,auto,Illumina
DU1704S0019815,/work/nfb9/Seq_Data_Raw/PrometheusReanalysis/whole_blood_Data_Batch1_fastq/DU1704S0019815.fastq.gz,,auto,Illumina
DU1704S0019816,/work/nfb9/Seq_Data_Raw/PrometheusReanalysis/whole_blood_Data_Batch1_fastq/DU1704S0019816.fastq.gz,,auto,Illumina
DU1704S0019817,/work/nfb9/Seq_Data_Raw/PrometheusReanalysis/whole_blood_Data_Batch1_fastq/DU1704S0019817.fastq.gz,,auto,Illumina
DU1704S0019818,/work/nfb9/Seq_Data_Raw/PrometheusReanalysis/whole_blood_Data_Batch1_fastq/DU1704S0019818.fastq.gz,,auto,Illumina
DU1704S0019819,/work/nfb9/Seq_Data_Raw/PrometheusReanalysis/whole_blood_Data_Batch1_fastq/DU1704S0019819.fastq.gz,,auto,Illumina
DU1704S0019820,/work/nfb9/Seq_Data_Raw/PrometheusReanalysis/whole_blood_Data_Batch1_fastq/DU1704S0019820.fastq.gz,,auto,Illumina
DU1704S0019751,/work/nfb9/Seq_Data_Raw/PrometheusReanalysis/whole_blood_Data_Batch2_fastq/DU17_04S0019751.fastq.gz,,auto,Illumina
DU1704S0019755,/work/nfb9/Seq_Data_Raw/PrometheusReanalysis/whole_blood_Data_Batch2_fastq/DU17_04S0019755.fastq.gz,,auto,Illumina
DU1704S0019756,/work/nfb9/Seq_Data_Raw/PrometheusReanalysis/whole_blood_Data_Batch2_fastq/DU17_04S0019756.fastq.gz,,auto,Illumina
DU1704S0019757,/work/nfb9/Seq_Data_Raw/PrometheusReanalysis/whole_blood_Data_Batch2_fastq/DU17_04S0019757.fastq.gz,,auto,Illumina
DU1704S0019763,/work/nfb9/Seq_Data_Raw/PrometheusReanalysis/whole_blood_Data_Batch2_fastq/DU17_04S0019763.fastq.gz,,auto,Illumina
DU1704S0019764,/work/nfb9/Seq_Data_Raw/PrometheusReanalysis/whole_blood_Data_Batch2_fastq/DU17_04S0019764.fastq.gz,,auto,Illumina
DU1704S0019771,/work/nfb9/Seq_Data_Raw/PrometheusReanalysis/whole_blood_Data_Batch2_fastq/DU17_04S0019771.fastq.gz,,auto,Illumina
DU1704S0019772,/work/nfb9/Seq_Data_Raw/PrometheusReanalysis/whole_blood_Data_Batch2_fastq/DU17_04S0019772.fastq.gz,,auto,Illumina
DU1704S0019776,/work/nfb9/Seq_Data_Raw/PrometheusReanalysis/whole_blood_Data_Batch2_fastq/DU17_04S0019776.fastq.gz,,auto,Illumina
DU1704S0019777,/work/nfb9/Seq_Data_Raw/PrometheusReanalysis/whole_blood_Data_Batch2_fastq/DU17_04S0019777.fastq.gz,,auto,Illumina
DU1704S0019783,/work/nfb9/Seq_Data_Raw/PrometheusReanalysis/whole_blood_Data_Batch2_fastq/DU17_04S0019783.fastq.gz,,auto,Illumina
DU1704S0019792,/work/nfb9/Seq_Data_Raw/PrometheusReanalysis/whole_blood_Data_Batch2_fastq/DU17_04S0019792.fastq.gz,,auto,Illumina
DU1704S0019794,/work/nfb9/Seq_Data_Raw/PrometheusReanalysis/whole_blood_Data_Batch2_fastq/DU17_04S0019794.fastq.gz,,auto,Illumina
DU1704S0019798,/work/nfb9/Seq_Data_Raw/PrometheusReanalysis/whole_blood_Data_Batch2_fastq/DU17_04S0019798.fastq.gz,,auto,Illumina
DU1704S0019799,/work/nfb9/Seq_Data_Raw/PrometheusReanalysis/whole_blood_Data_Batch2_fastq/DU17_04S0019799.fastq.gz,,auto,Illumina
DU1704S0019800,/work/nfb9/Seq_Data_Raw/PrometheusReanalysis/whole_blood_Data_Batch2_fastq/DU17_04S0019800.fastq.gz,,auto,Illumina
DU1704S0019803,/work/nfb9/Seq_Data_Raw/PrometheusReanalysis/whole_blood_Data_Batch2_fastq/DU17_04S0019803.fastq.gz,,auto,Illumina
DU1704S0019804,/work/nfb9/Seq_Data_Raw/PrometheusReanalysis/whole_blood_Data_Batch2_fastq/DU17_04S0019804.fastq.gz,,auto,Illumina
DU1704S0019807,/work/nfb9/Seq_Data_Raw/PrometheusReanalysis/whole_blood_Data_Batch2_fastq/DU17_04S0019807.fastq.gz,,auto,Illumina
DU1704S0019808,/work/nfb9/Seq_Data_Raw/PrometheusReanalysis/whole_blood_Data_Batch2_fastq/DU17_04S0019808.fastq.gz,,auto,Illumina
DU1704S0019809,/work/nfb9/Seq_Data_Raw/PrometheusReanalysis/whole_blood_Data_Batch2_fastq/DU17_04S0019809.fastq.gz,,auto,Illumina
DU1704S0019812,/work/nfb9/Seq_Data_Raw/PrometheusReanalysis/whole_blood_Data_Batch2_fastq/DU17_04S0019812.fastq.gz,,auto,Illumina
DU1704S0019815,/work/nfb9/Seq_Data_Raw/PrometheusReanalysis/whole_blood_Data_Batch2_fastq/DU17_04S0019815.fastq.gz,,auto,Illumina
DU1704S0019818,/work/nfb9/Seq_Data_Raw/PrometheusReanalysis/whole_blood_Data_Batch2_fastq/DU17_04S0019818.fastq.gz,,auto,Illumina
DU1704S0024679,/work/nfb9/Seq_Data_Raw/PrometheusReanalysis/whole_blood_Data_Batch2_fastq/DU17_04S0024679.fastq.gz,,auto,Illumina
DU1704S0024680,/work/nfb9/Seq_Data_Raw/PrometheusReanalysis/whole_blood_Data_Batch2_fastq/DU17_04S0024680.fastq.gz,,auto,Illumina
DU1704S0024681,/work/nfb9/Seq_Data_Raw/PrometheusReanalysis/whole_blood_Data_Batch2_fastq/DU17_04S0024681.fastq.gz,,auto,Illumina
DU1704S0024682,/work/nfb9/Seq_Data_Raw/PrometheusReanalysis/whole_blood_Data_Batch2_fastq/DU17_04S0024682.fastq.gz,,auto,Illumina
DU1704S0024683,/work/nfb9/Seq_Data_Raw/PrometheusReanalysis/whole_blood_Data_Batch2_fastq/DU17_04S0024683.fastq.gz,,auto,Illumina
DU1704S0024684,/work/nfb9/Seq_Data_Raw/PrometheusReanalysis/whole_blood_Data_Batch2_fastq/DU17_04S0024684.fastq.gz,,auto,Illumina
DU1704S0024685,/work/nfb9/Seq_Data_Raw/PrometheusReanalysis/whole_blood_Data_Batch2_fastq/DU17_04S0024685.fastq.gz,,auto,Illumina
DU1704S0024686,/work/nfb9/Seq_Data_Raw/PrometheusReanalysis/whole_blood_Data_Batch2_fastq/DU17_04S0024686.fastq.gz,,auto,Illumina
DU1704S0024687,/work/nfb9/Seq_Data_Raw/PrometheusReanalysis/whole_blood_Data_Batch2_fastq/DU17_04S0024687.fastq.gz,,auto,Illumina
DU1704S0024688,/work/nfb9/Seq_Data_Raw/PrometheusReanalysis/whole_blood_Data_Batch2_fastq/DU17_04S0024688.fastq.gz,,auto,Illumina
DU1704S0024689,/work/nfb9/Seq_Data_Raw/PrometheusReanalysis/whole_blood_Data_Batch2_fastq/DU17_04S0024689.fastq.gz,,auto,Illumina
DU1704S0024690,/work/nfb9/Seq_Data_Raw/PrometheusReanalysis/whole_blood_Data_Batch2_fastq/DU17_04S0024690.fastq.gz,,auto,Illumina
DU1704S0024691,/work/nfb9/Seq_Data_Raw/PrometheusReanalysis/whole_blood_Data_Batch2_fastq/DU17_04S0024691.fastq.gz,,auto,Illumina
DU1704S0024692,/work/nfb9/Seq_Data_Raw/PrometheusReanalysis/whole_blood_Data_Batch2_fastq/DU17_04S0024692.fastq.gz,,auto,Illumina
DU1704S0024693,/work/nfb9/Seq_Data_Raw/PrometheusReanalysis/whole_blood_Data_Batch2_fastq/DU17_04S0024693.fastq.gz,,auto,Illumina
DU1704S0024694,/work/nfb9/Seq_Data_Raw/PrometheusReanalysis/whole_blood_Data_Batch2_fastq/DU17_04S0024694.fastq.gz,,auto,Illumina
DU1704S0024695,/work/nfb9/Seq_Data_Raw/PrometheusReanalysis/whole_blood_Data_Batch2_fastq/DU17_04S0024695.fastq.gz,,auto,Illumina
DU1704S0024696,/work/nfb9/Seq_Data_Raw/PrometheusReanalysis/whole_blood_Data_Batch2_fastq/DU17_04S0024696.fastq.gz,,auto,Illumina
DU1704S0024697,/work/nfb9/Seq_Data_Raw/PrometheusReanalysis/whole_blood_Data_Batch2_fastq/DU17_04S0024697.fastq.gz,,auto,Illumina
DU1704S0024698,/work/nfb9/Seq_Data_Raw/PrometheusReanalysis/whole_blood_Data_Batch2_fastq/DU17_04S0024698.fastq.gz,,auto,Illumina
DU1704S0024699,/work/nfb9/Seq_Data_Raw/PrometheusReanalysis/whole_blood_Data_Batch2_fastq/DU17_04S0024699.fastq.gz,,auto,Illumina
DU1704S0024700,/work/nfb9/Seq_Data_Raw/PrometheusReanalysis/whole_blood_Data_Batch2_fastq/DU17_04S0024700.fastq.gz,,auto,Illumina
DU1704S0024701,/work/nfb9/Seq_Data_Raw/PrometheusReanalysis/whole_blood_Data_Batch2_fastq/DU17_04S0024701.fastq.gz,,auto,Illumina
DU1704S0024702,/work/nfb9/Seq_Data_Raw/PrometheusReanalysis/whole_blood_Data_Batch2_fastq/DU17_04S0024702.fastq.gz,,auto,Illumina
DU1704S0024703,/work/nfb9/Seq_Data_Raw/PrometheusReanalysis/whole_blood_Data_Batch2_fastq/DU17_04S0024703.fastq.gz,,auto,Illumina
DU1704S0024704,/work/nfb9/Seq_Data_Raw/PrometheusReanalysis/whole_blood_Data_Batch2_fastq/DU17_04S0024704.fastq.gz,,auto,Illumina
DU1704S0024705,/work/nfb9/Seq_Data_Raw/PrometheusReanalysis/whole_blood_Data_Batch2_fastq/DU17_04S0024705.fastq.gz,,auto,Illumina
DU1704S0024706,/work/nfb9/Seq_Data_Raw/PrometheusReanalysis/whole_blood_Data_Batch2_fastq/DU17_04S0024706.fastq.gz,,auto,Illumina
DU1704S0024707,/work/nfb9/Seq_Data_Raw/PrometheusReanalysis/whole_blood_Data_Batch2_fastq/DU17_04S0024707.fastq.gz,,auto,Illumina
DU1704S0024708,/work/nfb9/Seq_Data_Raw/PrometheusReanalysis/whole_blood_Data_Batch2_fastq/DU17_04S0024708.fastq.gz,,auto,Illumina
DU1704S0024709,/work/nfb9/Seq_Data_Raw/PrometheusReanalysis/whole_blood_Data_Batch2_fastq/DU17_04S0024709.fastq.gz,,auto,Illumina
DU1704S0024710,/work/nfb9/Seq_Data_Raw/PrometheusReanalysis/whole_blood_Data_Batch2_fastq/DU17_04S0024710.fastq.gz,,auto,Illumina
DU1704S0024711,/work/nfb9/Seq_Data_Raw/PrometheusReanalysis/whole_blood_Data_Batch2_fastq/DU17_04S0024711.fastq.gz,,auto,Illumina
DU1704S0024712,/work/nfb9/Seq_Data_Raw/PrometheusReanalysis/whole_blood_Data_Batch2_fastq/DU17_04S0024712.fastq.gz,,auto,Illumina
DU1704S0024713,/work/nfb9/Seq_Data_Raw/PrometheusReanalysis/whole_blood_Data_Batch2_fastq/DU17_04S0024713.fastq.gz,,auto,Illumina
DU1704S0024714,/work/nfb9/Seq_Data_Raw/PrometheusReanalysis/whole_blood_Data_Batch2_fastq/DU17_04S0024714.fastq.gz,,auto,Illumina
DU1704S0024715,/work/nfb9/Seq_Data_Raw/PrometheusReanalysis/whole_blood_Data_Batch2_fastq/DU17_04S0024715.fastq.gz,,auto,Illumina
DU1704S0024717,/work/nfb9/Seq_Data_Raw/PrometheusReanalysis/whole_blood_Data_Batch2_fastq/DU17_04S0024717.fastq.gz,,auto,Illumina
DU1704S0024718,/work/nfb9/Seq_Data_Raw/PrometheusReanalysis/whole_blood_Data_Batch2_fastq/DU17_04S0024718.fastq.gz,,auto,Illumina
DU1704S0024719,/work/nfb9/Seq_Data_Raw/PrometheusReanalysis/whole_blood_Data_Batch2_fastq/DU17_04S0024719.fastq.gz,,auto,Illumina
DU1704S0024720,/work/nfb9/Seq_Data_Raw/PrometheusReanalysis/whole_blood_Data_Batch2_fastq/DU17_04S0024720.fastq.gz,,auto,Illumina
DU1704S0024721,/work/nfb9/Seq_Data_Raw/PrometheusReanalysis/whole_blood_Data_Batch2_fastq/DU17_04S0024721.fastq.gz,,auto,Illumina
DU1704S0024722,/work/nfb9/Seq_Data_Raw/PrometheusReanalysis/whole_blood_Data_Batch2_fastq/DU17_04S0024722.fastq.gz,,auto,Illumina
DU1704S0024723,/work/nfb9/Seq_Data_Raw/PrometheusReanalysis/whole_blood_Data_Batch2_fastq/DU17_04S0024723.fastq.gz,,auto,Illumina
DU1704S0024724,/work/nfb9/Seq_Data_Raw/PrometheusReanalysis/whole_blood_Data_Batch2_fastq/DU17_04S0024724.fastq.gz,,auto,Illumina
DU1704S0024725,/work/nfb9/Seq_Data_Raw/PrometheusReanalysis/whole_blood_Data_Batch2_fastq/DU17_04S0024725.fastq.gz,,auto,Illumina
DU1704S0024726,/work/nfb9/Seq_Data_Raw/PrometheusReanalysis/whole_blood_Data_Batch2_fastq/DU17_04S0024726.fastq.gz,,auto,Illumina
DU1704S0024727,/work/nfb9/Seq_Data_Raw/PrometheusReanalysis/whole_blood_Data_Batch2_fastq/DU17_04S0024727.fastq.gz,,auto,Illumina
DU1704S0024728,/work/nfb9/Seq_Data_Raw/PrometheusReanalysis/whole_blood_Data_Batch2_fastq/DU17_04S0024728.fastq.gz,,auto,Illumina
DU1704S0024729,/work/nfb9/Seq_Data_Raw/PrometheusReanalysis/whole_blood_Data_Batch2_fastq/DU17_04S0024729.fastq.gz,,auto,Illumina
DU1704S0024730,/work/nfb9/Seq_Data_Raw/PrometheusReanalysis/whole_blood_Data_Batch2_fastq/DU17_04S0024730.fastq.gz,,auto,Illumina
DU1704S0024731,/work/nfb9/Seq_Data_Raw/PrometheusReanalysis/whole_blood_Data_Batch2_fastq/DU17_04S0024731.fastq.gz,,auto,Illumina
DU1704S0024732,/work/nfb9/Seq_Data_Raw/PrometheusReanalysis/whole_blood_Data_Batch2_fastq/DU17_04S0024732.fastq.gz,,auto,Illumina
DU1704S0024733,/work/nfb9/Seq_Data_Raw/PrometheusReanalysis/whole_blood_Data_Batch2_fastq/DU17_04S0024733.fastq.gz,,auto,Illumina
DU1704S0024734,/work/nfb9/Seq_Data_Raw/PrometheusReanalysis/whole_blood_Data_Batch2_fastq/DU17_04S0024734.fastq.gz,,auto,Illumina
DU1704S0024735,/work/nfb9/Seq_Data_Raw/PrometheusReanalysis/whole_blood_Data_Batch2_fastq/DU17_04S0024735.fastq.gz,,auto,Illumina
DU1704S0024736,/work/nfb9/Seq_Data_Raw/PrometheusReanalysis/whole_blood_Data_Batch2_fastq/DU17_04S0024736.fastq.gz,,auto,Illumina
DU1704S0024737,/work/nfb9/Seq_Data_Raw/PrometheusReanalysis/whole_blood_Data_Batch2_fastq/DU17_04S0024737.fastq.gz,,auto,Illumina
DU1704S0024738,/work/nfb9/Seq_Data_Raw/PrometheusReanalysis/whole_blood_Data_Batch2_fastq/DU17_04S0024738.fastq.gz,,auto,Illumina
DU1704S0024739,/work/nfb9/Seq_Data_Raw/PrometheusReanalysis/whole_blood_Data_Batch2_fastq/DU17_04S0024739.fastq.gz,,auto,Illumina
DU1704S0024740,/work/nfb9/Seq_Data_Raw/PrometheusReanalysis/whole_blood_Data_Batch2_fastq/DU17_04S0024740.fastq.gz,,auto,Illumina
DU1704S0024741,/work/nfb9/Seq_Data_Raw/PrometheusReanalysis/whole_blood_Data_Batch2_fastq/DU17_04S0024741.fastq.gz,,auto,Illumina
DU1704S0024742,/work/nfb9/Seq_Data_Raw/PrometheusReanalysis/whole_blood_Data_Batch2_fastq/DU17_04S0024742.fastq.gz,,auto,Illumina
DU1704S0024743,/work/nfb9/Seq_Data_Raw/PrometheusReanalysis/whole_blood_Data_Batch2_fastq/DU17_04S0024743.fastq.gz,,auto,Illumina
DU1704S0024744,/work/nfb9/Seq_Data_Raw/PrometheusReanalysis/whole_blood_Data_Batch2_fastq/DU17_04S0024744.fastq.gz,,auto,Illumina
DU1704S0024745,/work/nfb9/Seq_Data_Raw/PrometheusReanalysis/whole_blood_Data_Batch2_fastq/DU17_04S0024745.fastq.gz,,auto,Illumina
DU1704S0024746,/work/nfb9/Seq_Data_Raw/PrometheusReanalysis/whole_blood_Data_Batch2_fastq/DU17_04S0024746.fastq.gz,,auto,Illumina
DU1704S0024747,/work/nfb9/Seq_Data_Raw/PrometheusReanalysis/whole_blood_Data_Batch2_fastq/DU17_04S0024747.fastq.gz,,auto,Illumina
DU1704S0024748,/work/nfb9/Seq_Data_Raw/PrometheusReanalysis/whole_blood_Data_Batch2_fastq/DU17_04S0024748.fastq.gz,,auto,Illumina
DU1704S0024749,/work/nfb9/Seq_Data_Raw/PrometheusReanalysis/whole_blood_Data_Batch2_fastq/DU17_04S0024749.fastq.gz,,auto,Illumina
DU1704S0024750,/work/nfb9/Seq_Data_Raw/PrometheusReanalysis/whole_blood_Data_Batch2_fastq/DU17_04S0024750.fastq.gz,,auto,Illumina
DU1704S0024751,/work/nfb9/Seq_Data_Raw/PrometheusReanalysis/whole_blood_Data_Batch2_fastq/DU17_04S0024751.fastq.gz,,auto,Illumina
DU1704S0024752,/work/nfb9/Seq_Data_Raw/PrometheusReanalysis/whole_blood_Data_Batch2_fastq/DU17_04S0024752.fastq.gz,,auto,Illumina
DU1704S0024753,/work/nfb9/Seq_Data_Raw/PrometheusReanalysis/whole_blood_Data_Batch2_fastq/DU17_04S0024753.fastq.gz,,auto,Illumina
DU1704S0024754,/work/nfb9/Seq_Data_Raw/PrometheusReanalysis/whole_blood_Data_Batch2_fastq/DU17_04S0024754.fastq.gz,,auto,Illumina
DU1704S0024755,/work/nfb9/Seq_Data_Raw/PrometheusReanalysis/whole_blood_Data_Batch2_fastq/DU17_04S0024755.fastq.gz,,auto,Illumina
DU1704S0024756,/work/nfb9/Seq_Data_Raw/PrometheusReanalysis/whole_blood_Data_Batch2_fastq/DU17_04S0024756.fastq.gz,,auto,Illumina
DU1704S0024757,/work/nfb9/Seq_Data_Raw/PrometheusReanalysis/whole_blood_Data_Batch2_fastq/DU17_04S0024757.fastq.gz,,auto,Illumina
DU1704S0024758,/work/nfb9/Seq_Data_Raw/PrometheusReanalysis/whole_blood_Data_Batch2_fastq/DU17_04S0024758.fastq.gz,,auto,Illumina
DU1704S0024759,/work/nfb9/Seq_Data_Raw/PrometheusReanalysis/whole_blood_Data_Batch2_fastq/DU17_04S0024759.fastq.gz,,auto,Illumina
DU1704S0024760,/work/nfb9/Seq_Data_Raw/PrometheusReanalysis/whole_blood_Data_Batch2_fastq/DU17_04S0024760.fastq.gz,,auto,Illumina
DU1704S0024761,/work/nfb9/Seq_Data_Raw/PrometheusReanalysis/whole_blood_Data_Batch2_fastq/DU17_04S0024761.fastq.gz,,auto,Illumina
DU1704S0024762,/work/nfb9/Seq_Data_Raw/PrometheusReanalysis/whole_blood_Data_Batch2_fastq/DU17_04S0024762.fastq.gz,,auto,Illumina
DU1704S0024763,/work/nfb9/Seq_Data_Raw/PrometheusReanalysis/whole_blood_Data_Batch2_fastq/DU17_04S0024763.fastq.gz,,auto,Illumina
DU1704S0024764,/work/nfb9/Seq_Data_Raw/PrometheusReanalysis/whole_blood_Data_Batch2_fastq/DU17_04S0024764.fastq.gz,,auto,Illumina
DU1704S0024765,/work/nfb9/Seq_Data_Raw/PrometheusReanalysis/whole_blood_Data_Batch2_fastq/DU17_04S0024765.fastq.gz,,auto,Illumina
DU1704S0024766,/work/nfb9/Seq_Data_Raw/PrometheusReanalysis/whole_blood_Data_Batch2_fastq/DU17_04S0024766.fastq.gz,,auto,Illumina
DU1704S0024767,/work/nfb9/Seq_Data_Raw/PrometheusReanalysis/whole_blood_Data_Batch2_fastq/DU17_04S0024767.fastq.gz,,auto,Illumina
DU1704S0024768,/work/nfb9/Seq_Data_Raw/PrometheusReanalysis/whole_blood_Data_Batch2_fastq/DU17_04S0024768.fastq.gz,,auto,Illumina
DU1704S0024769,/work/nfb9/Seq_Data_Raw/PrometheusReanalysis/whole_blood_Data_Batch2_fastq/DU17_04S0024769.fastq.gz,,auto,Illumina
DU1704S0024770,/work/nfb9/Seq_Data_Raw/PrometheusReanalysis/whole_blood_Data_Batch2_fastq/DU17_04S0024770.fastq.gz,,auto,Illumina
DU1704S0024771,/work/nfb9/Seq_Data_Raw/PrometheusReanalysis/whole_blood_Data_Batch2_fastq/DU17_04S0024771.fastq.gz,,auto,Illumina
DU1704S0024772,/work/nfb9/Seq_Data_Raw/PrometheusReanalysis/whole_blood_Data_Batch2_fastq/DU17_04S0024772.fastq.gz,,auto,Illumina
DU1704S0024773,/work/nfb9/Seq_Data_Raw/PrometheusReanalysis/whole_blood_Data_Batch2_fastq/DU17_04S0024773.fastq.gz,,auto,Illumina
DU1704S0024774,/work/nfb9/Seq_Data_Raw/PrometheusReanalysis/whole_blood_Data_Batch2_fastq/DU17_04S0024774.fastq.gz,,auto,Illumina
DU1704S0024775,/work/nfb9/Seq_Data_Raw/PrometheusReanalysis/whole_blood_Data_Batch2_fastq/DU17_04S0024775.fastq.gz,,auto,Illumina
DU1704S0024776,/work/nfb9/Seq_Data_Raw/PrometheusReanalysis/whole_blood_Data_Batch2_fastq/DU17_04S0024776.fastq.gz,,auto,Illumina
DU1704S0024777,/work/nfb9/Seq_Data_Raw/PrometheusReanalysis/whole_blood_Data_Batch2_fastq/DU17_04S0024777.fastq.gz,,auto,Illumina
DU1704S0024778,/work/nfb9/Seq_Data_Raw/PrometheusReanalysis/whole_blood_Data_Batch2_fastq/DU17_04S0024778.fastq.gz,,auto,Illumina
DU1704S0024779,/work/nfb9/Seq_Data_Raw/PrometheusReanalysis/whole_blood_Data_Batch2_fastq/DU17_04S0024779.fastq.gz,,auto,Illumina
DU1704S0024780,/work/nfb9/Seq_Data_Raw/PrometheusReanalysis/whole_blood_Data_Batch2_fastq/DU17_04S0024780.fastq.gz,,auto,Illumina
DU1704S0024781,/work/nfb9/Seq_Data_Raw/PrometheusReanalysis/whole_blood_Data_Batch2_fastq/DU17_04S0024781.fastq.gz,,auto,Illumina
DU1704S0024782,/work/nfb9/Seq_Data_Raw/PrometheusReanalysis/whole_blood_Data_Batch2_fastq/DU17_04S0024782.fastq.gz,,auto,Illumina
DU1704S0024783,/work/nfb9/Seq_Data_Raw/PrometheusReanalysis/whole_blood_Data_Batch2_fastq/DU17_04S0024783.fastq.gz,,auto,Illumina
DU1704S0024784,/work/nfb9/Seq_Data_Raw/PrometheusReanalysis/whole_blood_Data_Batch2_fastq/DU17_04S0024784.fastq.gz,,auto,Illumina
DU1704S0024785,/work/nfb9/Seq_Data_Raw/PrometheusReanalysis/whole_blood_Data_Batch2_fastq/DU17_04S0024785.fastq.gz,,auto,Illumina
DU1704S0024786,/work/nfb9/Seq_Data_Raw/PrometheusReanalysis/whole_blood_Data_Batch2_fastq/DU17_04S0024786.fastq.gz,,auto,Illumina
DU1704S0024787,/work/nfb9/Seq_Data_Raw/PrometheusReanalysis/whole_blood_Data_Batch2_fastq/DU17_04S0024787.fastq.gz,,auto,Illumina
DU1704S0024788,/work/nfb9/Seq_Data_Raw/PrometheusReanalysis/whole_blood_Data_Batch2_fastq/DU17_04S0024788.fastq.gz,,auto,Illumina
DU1704S0024789,/work/nfb9/Seq_Data_Raw/PrometheusReanalysis/whole_blood_Data_Batch2_fastq/DU17_04S0024789.fastq.gz,,auto,Illumina
DU1704S0024790,/work/nfb9/Seq_Data_Raw/PrometheusReanalysis/whole_blood_Data_Batch2_fastq/DU17_04S0024790.fastq.gz,,auto,Illumina
DU1704S0024791,/work/nfb9/Seq_Data_Raw/PrometheusReanalysis/whole_blood_Data_Batch2_fastq/DU17_04S0024791.fastq.gz,,auto,Illumina
